id,name,type
0,488-10-8,COMPOUND
1,628-46-6,COMPOUND
2,56-85-9,COMPOUND
3,1076-56-8,COMPOUND
4,103-25-3,COMPOUND
5,227456-27-1,COMPOUND
6,5405-41-4,COMPOUND
7,1551-44-6,COMPOUND
8,24851-98-7,COMPOUND
9,42075-45-6,COMPOUND
10,18277-27-5,COMPOUND
11,142-60-9,COMPOUND
12,68378-13-2,COMPOUND
13,302-72-7,COMPOUND
14,29926-42-9,COMPOUND
15,73019-14-4,COMPOUND
16,112-45-8,COMPOUND
17,33467-74-2,COMPOUND
18,6263-65-6,COMPOUND
19,18138-05-1,COMPOUND
20,598-82-3,COMPOUND
21,78-36-4,COMPOUND
22,67-68-5,COMPOUND
23,78417-28-4,COMPOUND
24,112-66-3,COMPOUND
25,94087-83-9,COMPOUND
26,123-19-3,COMPOUND
27,95-16-9,COMPOUND
28,499-69-4,COMPOUND
29,7779-50-2,COMPOUND
30,80-27-3,COMPOUND
31,35852-46-1,COMPOUND
32,15356-74-8,COMPOUND
33,977045-71-8,COMPOUND
34,1192-62-7,COMPOUND
35,143-13-5,COMPOUND
36,43040-01-3,COMPOUND
37,122-00-9,COMPOUND
38,121-34-6,COMPOUND
39,10032-13-0,COMPOUND
40,109-08-0,COMPOUND
41,5552-30-7,COMPOUND
42,2311-46-8,COMPOUND
43,6627-88-9,COMPOUND
44,112-14-1,COMPOUND
45,2111-75-3,COMPOUND
46,103-41-3,COMPOUND
47,53850-34-3,COMPOUND
48,123-07-9,COMPOUND
49,4864-61-3,COMPOUND
50,110-45-2,COMPOUND
51,8030-97-5,COMPOUND
52,536-78-7,COMPOUND
53,99-76-3,COMPOUND
54,4691-65-0,COMPOUND
55,7779-65-9,COMPOUND
56,123-92-2,COMPOUND
57,119-84-6,COMPOUND
58,35154-45-1,COMPOUND
59,13925-06-9,COMPOUND
60,7341-17-5,COMPOUND
61,106-29-6,COMPOUND
62,_trans-2,COMPOUND
63,625-33-2,COMPOUND
64,4826-62-4,COMPOUND
65,591-68-4,COMPOUND
66,141-09-3,COMPOUND
67,334-49-6,COMPOUND
68,3-pentanedione,COMPOUND
69,_d-lactone,COMPOUND
70,133447-37-7,COMPOUND
71,2432-51-1,COMPOUND
72,60-18-4,COMPOUND
73,148051,COMPOUND
74,65405-80-3,COMPOUND
75,13877-91-3,COMPOUND
76,21662-13-5,COMPOUND
77,589-66-2,COMPOUND
78,106-72-9,COMPOUND
79,2270-60-2,COMPOUND
80,40348-72-9,COMPOUND
81,2035-99-6,COMPOUND
82,583-92-6,COMPOUND
83,16493-80-4,COMPOUND
84,5910-89-4,COMPOUND
85,67715-80-4,COMPOUND
86,105-54-4,COMPOUND
87,4437-22-3,COMPOUND
88,997297,COMPOUND
89,2177-77-7,COMPOUND
90,89-78-1,COMPOUND
91,624-24-8,COMPOUND
92,101-84-8,COMPOUND
93,695-06-7,COMPOUND
94,123-11-5,COMPOUND
95,1334-78-7,COMPOUND
96,5905-46-4,COMPOUND
97,623-37-0,COMPOUND
98,13678-68-7,COMPOUND
99,139564-43-5,COMPOUND
100,169054-69-7,COMPOUND
101,87-44-5,COMPOUND
102,13679-46-4,COMPOUND
103,1115-84-0,COMPOUND
104,13327-56-5,COMPOUND
105,127-17-3,COMPOUND
106,7779-73-9,COMPOUND
107,1072-83-9,COMPOUND
108,78-84-2,COMPOUND
109,13706-86-0,COMPOUND
110,31501-11-8,COMPOUND
111,87-25-2,COMPOUND
112,541-31-4,COMPOUND
113,32951-19-2,COMPOUND
114,624-41-9,COMPOUND
115,105-43-1,COMPOUND
116,116-26-7,COMPOUND
117,57-06-7,COMPOUND
118,821-55-6,COMPOUND
119,4883-60-7,COMPOUND
120,2052-14-4,COMPOUND
121,98-85-1,COMPOUND
122,1191-43-1,COMPOUND
123,20483-36-7,COMPOUND
124,51154-96-2,COMPOUND
125,34135-85-8,COMPOUND
126,107-86-8,COMPOUND
127,10031-82-0,COMPOUND
128,26303-90-2,COMPOUND
129,977019-27-4,COMPOUND
130,122-48-5,COMPOUND
131,97-42-7,COMPOUND
132,106-23-0,COMPOUND
133,4634-89-3,COMPOUND
134,16630-66-3,COMPOUND
135,2445-77-4,COMPOUND
136,123-51-3,COMPOUND
137,2396-78-3,COMPOUND
138,7540-53-6,COMPOUND
139,91-22-5,COMPOUND
140,622-45-7,COMPOUND
141,2142-94-1,COMPOUND
142,13708-12-8,COMPOUND
143,35044-68-9,COMPOUND
144,105-68-0,COMPOUND
145,109-80-8,COMPOUND
146,105-85-1,COMPOUND
147,107-85-7,COMPOUND
148,120-51-4,COMPOUND
149,542-55-2,COMPOUND
150,4437-51-8,COMPOUND
151,67-03-8,COMPOUND
152,13676-61-3,COMPOUND
153,540-42-1,COMPOUND
154,23328-62-3,COMPOUND
155,103-26-4,COMPOUND
156,526-83-0,COMPOUND
157,110-89-4,COMPOUND
158,112-80-1,COMPOUND
159,6789-80-6,COMPOUND
160,28588-74-1,COMPOUND
161,150-78-7,COMPOUND
162,491-09-8,COMPOUND
163,5362-56-1,COMPOUND
164,999-40-6,COMPOUND
165,97-53-0,COMPOUND
166,112-30-1,COMPOUND
167,16409-45-3,COMPOUND
168,4455-13-4,COMPOUND
169,65894-82-8,COMPOUND
170,1188-02-9,COMPOUND
171,79-92-5,COMPOUND
172,20333-39-5,COMPOUND
173,22047-25-2,COMPOUND
174,623-42-7,COMPOUND
175,592-88-1,COMPOUND
176,106-65-0,COMPOUND
177,127-91-3,COMPOUND
178,6738-23-4,COMPOUND
179,97-62-1,COMPOUND
180,24817-51-4,COMPOUND
181,644-08-6,COMPOUND
182,1963-36-6,COMPOUND
183,141-79-7,COMPOUND
184,104-90-5,COMPOUND
185,97-85-8,COMPOUND
186,2153-26-6,COMPOUND
187,6766-82-1,COMPOUND
188,1438-91-1,COMPOUND
189,27043-05-6,COMPOUND
190,18409-21-7,COMPOUND
191,626-82-4,COMPOUND
192,88-09-5,COMPOUND
193,1003-04-9,COMPOUND
194,15707-24-1,COMPOUND
195,71-00-1,COMPOUND
196,112-44-7,COMPOUND
197,118-72-9,COMPOUND
198,109-52-4,COMPOUND
199,2463-77-6,COMPOUND
200,544-40-1,COMPOUND
201,540-18-1,COMPOUND
202,108-46-3,COMPOUND
203,3391-86-4,COMPOUND
204,106-44-5,COMPOUND
205,2721-22-4,COMPOUND
206,101-48-4,COMPOUND
207,71159-90-5,COMPOUND
208,75-21-8,COMPOUND
209,1193-79-9,COMPOUND
210,91-62-3,COMPOUND
211,13360-64-0,COMPOUND
212,30390-50-2,COMPOUND
213,1079-01-2,COMPOUND
214,100-06-1,COMPOUND
215,65-85-0,COMPOUND
216,141-14-0,COMPOUND
217,623-30-3,COMPOUND
218,705-86-2,COMPOUND
219,25312-34-9,COMPOUND
220,3208-16-0,COMPOUND
221,101-39-3,COMPOUND
222,84642-61-5,COMPOUND
223,4536-23-6,COMPOUND
224,95-48-7,COMPOUND
225,576-26-1,COMPOUND
226,1653-30-1,COMPOUND
227,134-20-3,COMPOUND
228,2305-21-7,COMPOUND
229,57-10-3,COMPOUND
230,14173-25-2,COMPOUND
231,3149-28-8,COMPOUND
232,33467-74-2,COMPOUND
233,41519-23-7,COMPOUND
234,628-99-9,COMPOUND
235,66-25-1,COMPOUND
236,557-00-6,COMPOUND
237,4630-82-4,COMPOUND
238,80-56-8,COMPOUND
239,53833-30-0,COMPOUND
240,105-13-5,COMPOUND
241,706-14-9,COMPOUND
242,13678-67-6,COMPOUND
243,142-62-1,COMPOUND
244,7367-82-0,COMPOUND
245,6975-60-6,COMPOUND
246,5077-67-8,COMPOUND
247,4411-89-6,COMPOUND
248,97-99-4,COMPOUND
249,110-86-1,COMPOUND
250,107-75-5,COMPOUND
251,94-46-2,COMPOUND
252,110-74-7,COMPOUND
253,2396-83-0,COMPOUND
254,80-59-1,COMPOUND
255,101-86-0,COMPOUND
256,124-25-4,COMPOUND
257,89-86-1,COMPOUND
258,21188-58-9,COMPOUND
259,142-47-2,COMPOUND
260,6091-50-5,COMPOUND
261,3452-97-9,COMPOUND
262,713-95-1,COMPOUND
263,35854-86-5,COMPOUND
264,16630-52-7,COMPOUND
265,28069-74-1,COMPOUND
266,1119-44-4,COMPOUND
267,102-76-1,COMPOUND
268,2198-61-0,COMPOUND
269,3681-71-8,COMPOUND
270,5271-38-5,COMPOUND
271,4166-20-5,COMPOUND
272,1771490,COMPOUND
273,80-26-2,COMPOUND
274,589-38-8,COMPOUND
275,143-07-7,COMPOUND
276,6728-31-0,COMPOUND
277,95-87-4,COMPOUND
278,124-76-5,COMPOUND
279,591-24-2,COMPOUND
280,97-64-3,COMPOUND
281,91052-68-5,COMPOUND
282,121-33-5,COMPOUND
283,104-57-4,COMPOUND
284,23654-92-4,COMPOUND
285,3268-49-3,COMPOUND
286,53966-59-9,COMPOUND
287,13679-70-4,COMPOUND
288,71-36-3,COMPOUND
289,1565-81-7,COMPOUND
290,625-60-5,COMPOUND
291,645-13-6,COMPOUND
292,111-87-5,COMPOUND
293,13341-72-5,COMPOUND
294,764-39-6,COMPOUND
295,93-15-2,COMPOUND
296,13532-18-8,COMPOUND
297,536-50-5,COMPOUND
298,64-18-6,COMPOUND
299,112-05-0,COMPOUND
300,98-89-5,COMPOUND
301,106-32-1,COMPOUND
302,4077-47-8,COMPOUND
303,499-70-7,COMPOUND
304,1302615,COMPOUND
305,91-16-7,COMPOUND
306,122-63-4,COMPOUND
307,35158-25-9,COMPOUND
308,89-74-7,COMPOUND
309,69925-33-3,COMPOUND
310,140-39-6,COMPOUND
311,123-96-6,COMPOUND
312,27829-72-7,COMPOUND
313,1438-94-4,COMPOUND
314,98-54-4,COMPOUND
315,123-95-5,COMPOUND
316,554-12-1,COMPOUND
317,141-78-6,COMPOUND
318,60066-88-8,COMPOUND
319,13494-06-9,COMPOUND
320,2396-77-2,COMPOUND
321,2412-80-8,COMPOUND
322,67-64-1,COMPOUND
323,108-82-7,COMPOUND
324,100-66-3,COMPOUND
325,536-59-4,COMPOUND
326,121-98-2,COMPOUND
327,13851-11-1,COMPOUND
328,592-84-7,COMPOUND
329,7786-48-3,COMPOUND
330,505-79-3,COMPOUND
331,3792-53-8,COMPOUND
332,120-50-3,COMPOUND
333,110-19-0,COMPOUND
334,5320-75-2,COMPOUND
335,491-04-3,COMPOUND
336,100-68-5,COMPOUND
337,589-59-3,COMPOUND
338,98-00-0,COMPOUND
339,7778-87-2,COMPOUND
340,90-12-0,COMPOUND
341,698-10-2,COMPOUND
342,42822-86-6,COMPOUND
343,110-27-0,COMPOUND
344,23747-45-7,COMPOUND
345,104-61-0,COMPOUND
346,23696-85-7,COMPOUND
347,621-82-9,COMPOUND
348,5989-27-5,COMPOUND
349,88-84-6,COMPOUND
350,29548-14-9,COMPOUND
351,1786-08-9,COMPOUND
352,112-12-9,COMPOUND
353,13925-05-8,COMPOUND
354,97-89-2,COMPOUND
355,1207311,COMPOUND
356,230378,COMPOUND
357,79-31-2,COMPOUND
358,334-48-5,COMPOUND
359,539-88-8,COMPOUND
360,326-61-4,COMPOUND
361,586-62-9,COMPOUND
362,60-01-5,COMPOUND
363,13925-08-1,COMPOUND
364,21662-16-8,COMPOUND
365,14159-61-6,COMPOUND
366,1117-55-1,COMPOUND
367,2445-78-5,COMPOUND
368,5090-41-5,COMPOUND
369,646-07-1,COMPOUND
370,536-60-7,COMPOUND
371,59902-01-1,COMPOUND
372,91052-70-9,COMPOUND
373,78-98-8,COMPOUND
374,91-64-5,COMPOUND
375,140-11-4,COMPOUND
376,21722-83-8,COMPOUND
377,39251-88-2,COMPOUND
378,546-79-2,COMPOUND
379,551-08-6,COMPOUND
380,600-18-0,COMPOUND
381,2497-21-4,COMPOUND
382,56805-23-3,COMPOUND
383,3782-00-1,COMPOUND
384,116-53-0,COMPOUND
385,6790-58-5,COMPOUND
386,135-02-4,COMPOUND
387,53398-86-0,COMPOUND
388,870-23-5,COMPOUND
389,15679-13-7,COMPOUND
390,1629-58-9,COMPOUND
391,30361-28-5,COMPOUND
392,72869-75-1,COMPOUND
393,464-49-3,COMPOUND
394,17369-59-4,COMPOUND
395,106-33-2,COMPOUND
396,977043-63-2,COMPOUND
397,110-93-0,COMPOUND
398,108-29-2,COMPOUND
399,22014-48-8,COMPOUND
400,111-70-6,COMPOUND
401,6309-51-9,COMPOUND
402,93-60-7,COMPOUND
403,05/09/46,COMPOUND
404,4674-50-4,COMPOUND
405,123-76-2,COMPOUND
406,593-08-8,COMPOUND
407,122-67-8,COMPOUND
408,3581-91-7,COMPOUND
409,56-87-1,COMPOUND
410,25152-84-5,COMPOUND
411,91052-73-2,COMPOUND
412,3558-60-9,COMPOUND
413,557-48-2,COMPOUND
414,645-56-7,COMPOUND
415,127-41-3,COMPOUND
416,18138-03-9,COMPOUND
417,22094-00-4,COMPOUND
418,134-96-3,COMPOUND
419,64-17-5,COMPOUND
420,3025-30-7,COMPOUND
421,118-61-6,COMPOUND
422,123-63-7,COMPOUND
423,121-33-5,COMPOUND
424,3777-69-3,COMPOUND
425,1730647,COMPOUND
426,89-83-8,COMPOUND
427,109-97-7,COMPOUND
428,122-84-9,COMPOUND
429,107-03-9,COMPOUND
430,24683-00-9,COMPOUND
431,99999-08-0,COMPOUND
432,3293-47-8,COMPOUND
433,89-79-2,COMPOUND
434,115-95-7,COMPOUND
435,36653-82-4,COMPOUND
436,112-32-3,COMPOUND
437,.,COMPOUND
438,19317-11-4,COMPOUND
439,6378-65-0,COMPOUND
440,582-24-1,COMPOUND
441,105-90-8,COMPOUND
442,7212-44-4,COMPOUND
443,60415-61-4,COMPOUND
444,637-78-5,COMPOUND
445,123-15-9,COMPOUND
446,5287-45-6,COMPOUND
447,4253-89-8,COMPOUND
448,2021-28-5,COMPOUND
449,39026-94-3,COMPOUND
450,1298317,COMPOUND
451,258823-39-1,COMPOUND
452,7585-39-9,COMPOUND
453,112-06-1,COMPOUND
454,122-74-7,COMPOUND
455,404-86-4,COMPOUND
456,1731-84-6,COMPOUND
457,3289-28-9,COMPOUND
458,93-28-7,COMPOUND
459,2216-52-6,COMPOUND
460,97-61-0,COMPOUND
461,562-74-3,COMPOUND
462,93-55-0,COMPOUND
463,2315-68-6,COMPOUND
464,1193-18-6,COMPOUND
465,50-69-1,COMPOUND
466,108-39-4,COMPOUND
467,77-92-9,COMPOUND
468,112-17-4,COMPOUND
469,91052-71-0,COMPOUND
470,13184-86-6,COMPOUND
471,101-97-3,COMPOUND
472,629-19-6,COMPOUND
473,547-63-7,COMPOUND
474,20777-49-5,COMPOUND
475,130638,COMPOUND
476,502-61-4,COMPOUND
477,43219-68-7,COMPOUND
478,37617-03-1,COMPOUND
479,108-94-1,COMPOUND
480,54644-28-9,COMPOUND
481,4175-66-0,COMPOUND
482,96-48-0,COMPOUND
483,122-91-8,COMPOUND
484,19089-92-0,COMPOUND
485,138-22-7,COMPOUND
486,7786-44-9,COMPOUND
487,18138-04-0,COMPOUND
488,79-69-6,COMPOUND
489,2084-18-6,COMPOUND
490,2148878,COMPOUND
491,104-21-2,COMPOUND
492,19872-52-7,COMPOUND
493,41239-48-9,COMPOUND
494,96-26-4,COMPOUND
495,38917-63-4,COMPOUND
496,16409-46-4,COMPOUND
497,51755-85-2,COMPOUND
498,110-38-3,COMPOUND
499,122-59-8,COMPOUND
500,85960-81-2,COMPOUND
501,45019-28-1,COMPOUND
502,2349-13-5,COMPOUND
503,120-14-9,COMPOUND
504,138-87-4,COMPOUND
505,105-37-3,COMPOUND
506,5837-78-5,COMPOUND
507,109-79-5,COMPOUND
508,2065419,COMPOUND
509,927-49-1,COMPOUND
510,622-39-9,COMPOUND
511,150-84-5,COMPOUND
512,123-29-5,COMPOUND
513,111-31-9,COMPOUND
514,494-90-6,COMPOUND
515,6126-50-7,COMPOUND
516,49576-57-0,COMPOUND
517,4748-78-1,COMPOUND
518,94-62-2,COMPOUND
519,93-58-3,COMPOUND
520,828-26-2,COMPOUND
521,17283-81-7,COMPOUND
522,1365-19-1,COMPOUND
523,50746-10-6,COMPOUND
524,124-07-2,COMPOUND
525,27625-35-0,COMPOUND
526,150-30-1,COMPOUND
527,15679-12-6,COMPOUND
528,4437-20-1,COMPOUND
529,352-93-2,COMPOUND
530,53053-51-3,COMPOUND
531,109-73-9,COMPOUND
532,4493-42-9,COMPOUND
533,693-95-8,COMPOUND
534,540-07-8,COMPOUND
535,141-15-1,COMPOUND
536,10032-15-2,COMPOUND
537,227456-33-9,COMPOUND
538,103-52-6,COMPOUND
539,227456-28-2,COMPOUND
540,89-82-7,COMPOUND
541,14901-07-6,COMPOUND
542,539-30-0,COMPOUND
543,104-54-1,COMPOUND
544,5166-53-0,COMPOUND
545,83-67-0,COMPOUND
546,106-18-3,COMPOUND
547,164183,COMPOUND
548,932-16-1,COMPOUND
549,503-74-2,COMPOUND
550,13925-00-3,COMPOUND
551,127-09-3,COMPOUND
552,31502-14-4,COMPOUND
553,57-55-6,COMPOUND
554,124-19-6,COMPOUND
555,2363-89-5,COMPOUND
556,123-32-0,COMPOUND
557,97-96-1,COMPOUND
558,6028-61-1,COMPOUND
559,108-10-1,COMPOUND
560,3658-80-8,COMPOUND
561,104-45-0,COMPOUND
562,3600-24-6,COMPOUND
563,762-29-8,COMPOUND
564,85-91-6,COMPOUND
565,58-08-2,COMPOUND
566,67920-63-2,COMPOUND
567,108-21-4,COMPOUND
568,765-70-8,COMPOUND
569,5396-89-4,COMPOUND
570,77-93-0,COMPOUND
571,115-99-1,COMPOUND
572,50-81-7,COMPOUND
573,2639-63-6,COMPOUND
574,18640-74-9,COMPOUND
575,612-15-7,COMPOUND
576,4180-23-8,COMPOUND
577,7756-96-9,COMPOUND
578,2408-37-9,COMPOUND
579,8021-39-4,COMPOUND
580,7392-19-0,COMPOUND
581,104-50-7,COMPOUND
582,80-26-6,COMPOUND
583,112-42-5,COMPOUND
584,108-48-5,COMPOUND
585,65620-50-0,COMPOUND
586,78-70-6,COMPOUND
587,97-54-1,COMPOUND
588,2396-85-,COMPOUND
589,09/12/50,COMPOUND
590,5905-47-5,COMPOUND
591,85536-25-0,COMPOUND
592,128-50-7,COMPOUND
593,5870-68-8,COMPOUND
594,19322-27-1,COMPOUND
595,111-13-7,COMPOUND
596,1118-27-0,COMPOUND
597,823-22-3,COMPOUND
598,1125-88-8,COMPOUND
599,75-18-3,COMPOUND
600,71-23-8,COMPOUND
601,13678-58-5,COMPOUND
602,470-82-6,COMPOUND
603,625-55-8,COMPOUND
604,551-93-9,COMPOUND
605,151-10-0,COMPOUND
606,103-45-7,COMPOUND
607,118-58-1,COMPOUND
608,137-32-6,COMPOUND
609,13419-69-7,COMPOUND
610,142-92-7,COMPOUND
611,100-51-6,COMPOUND
612,473-67-6,COMPOUND
613,2050-87-5,COMPOUND
614,578-58-5,COMPOUND
615,100-86-7,COMPOUND
616,629-33-4,COMPOUND
617,1759-28-0,COMPOUND
618,57129-12-1,COMPOUND
619,112-53-8,COMPOUND
620,94-59-7,COMPOUND
621,7779-80-8,COMPOUND
622,588-67-0,COMPOUND
623,2785-87-7,COMPOUND
624,29811-50-5,COMPOUND
625,53859-34-3,COMPOUND
626,698-27-1,COMPOUND
627,18679-18-0,COMPOUND
628,99-86-5,COMPOUND
629,10024-64-3,COMPOUND
630,71-41-0,COMPOUND
631,589-35-5,COMPOUND
632,5947-36-4,COMPOUND
633,17619-36-2,COMPOUND
634,627-90-7,COMPOUND
635,104-20-1,COMPOUND
636,766-92-7,COMPOUND
637,644-35-9,COMPOUND
638,99-96-7,COMPOUND
639,34413-35-9,COMPOUND
640,105-21-5,COMPOUND
641,541-91-3,COMPOUND
642,99-48-9,COMPOUND
643,91-10-1,COMPOUND
644,638-11-9,COMPOUND
645,505-57-7,COMPOUND
646,513-44-0,COMPOUND
647,598-75-4,COMPOUND
648,53263-58-4,COMPOUND
649,2785-89-9,COMPOUND
650,507-70-0,COMPOUND
651,1604-28-0,COMPOUND
652,56424-87-4,COMPOUND
653,108-24-7,COMPOUND
654,31499-71-5,COMPOUND
655,16630-55-0,COMPOUND
656,106-35-4,COMPOUND
657,124-13-0,COMPOUND
658,15764-16-6,COMPOUND
659,1335-48-4,COMPOUND
660,109-19-3,COMPOUND
661,4312-99-6,COMPOUND
662,22694-96-8,COMPOUND
663,7774-82-5,COMPOUND
664,638-49-3,COMPOUND
665,78-96-6,COMPOUND
666,13678-59-6,COMPOUND
667,15707-23-0,COMPOUND
668,61931-81-5,COMPOUND
669,611-13-2,COMPOUND
670,112-31-2,COMPOUND
671,64-19-7,COMPOUND
672,5837-78-5,COMPOUND
673,123-35-3,COMPOUND
674,91052-69-6,COMPOUND
675,18409-17-1,COMPOUND
676,123-08-0,COMPOUND
677,11031-45-1,COMPOUND
678,25524-95-2,COMPOUND
679,120-58-1,COMPOUND
680,141-12-8,COMPOUND
681,29350-73-0,COMPOUND
682,16491-36-4,COMPOUND
683,3913-80-2,COMPOUND
684,516-06-3,COMPOUND
685,30453-31-7,COMPOUND
686,75-50-3,COMPOUND
687,7367-88-6,COMPOUND
688,98-86-2,COMPOUND
689,13623-11-5,COMPOUND
690,3658-77-3,COMPOUND
691,541-47-9,COMPOUND
692,4-decadienoic_acid_d-lactone,COMPOUND
693,13925-07-0,COMPOUND
694,150-90-3,COMPOUND
695,39741-41-8,COMPOUND
696,92-52-4,COMPOUND
697,13679-85-1,COMPOUND
698,22029-76-1,COMPOUND
699,68-04-2,COMPOUND
700,140-67-0,COMPOUND
701,76-50-6,COMPOUND
702,977044-47-5,COMPOUND
703,98-01-1,COMPOUND
704,10482-56-1,COMPOUND
705,93-92-5,COMPOUND
706,54947-74-9,COMPOUND
707,.,COMPOUND
708,1113-60-6,COMPOUND
709,659-70-1,COMPOUND
710,122-70-3,COMPOUND
711,79-76-5,COMPOUND
712,1073-26-3,COMPOUND
713,2345-26-8,COMPOUND
714,1618-26-4,COMPOUND
715,4695-62-9,COMPOUND
716,606-45-1,COMPOUND
717,104-62-1,COMPOUND
718,4586-22-5,COMPOUND
719,79-09-4,COMPOUND
720,586-82-3,COMPOUND
721,350-03-8,COMPOUND
722,24653-75-6,COMPOUND
723,686-89-4,COMPOUND
724,111-14-8,COMPOUND
725,759-05-7,COMPOUND
726,38818-60-9,COMPOUND
727,95-65-8,COMPOUND
728,505-10-2,COMPOUND
729,746-40-9,COMPOUND
730,112-54-9,COMPOUND
731,495-62-5,COMPOUND
732,76649-25-7,COMPOUND
733,31499-70-4,COMPOUND
734,122-78-1,COMPOUND
735,55066-56-3,COMPOUND
736,110-41-8,COMPOUND
737,103-82-2,COMPOUND
738,881-68-5,COMPOUND
739,112-43-6,COMPOUND
740,7786-58-5,COMPOUND
741,3777-71-7,COMPOUND
742,74-93-1,COMPOUND
743,112-38-9,COMPOUND
744,106-30-9,COMPOUND
745,41453-56-9,COMPOUND
746,107-74-4,COMPOUND
747,501-52-0,COMPOUND
748,111-61-5,COMPOUND
749,5436-21-5,COMPOUND
750,123-66-0,COMPOUND
751,5471-51-2,COMPOUND
752,39924-27-1,COMPOUND
753,1124-11-4,COMPOUND
754,14765-30-1,COMPOUND
755,532-31-1,COMPOUND
756,589-98-0,COMPOUND
757,13466-78-9,COMPOUND
758,119-65-3,COMPOUND
759,122-03-2,COMPOUND
760,144-39-8,COMPOUND
761,928-96-1,COMPOUND
762,122-68-9,COMPOUND
763,15706-73-7,COMPOUND
764,96-17-3,COMPOUND
765,103-28-6,COMPOUND
766,124-10-7,COMPOUND
767,1632-73-1,COMPOUND
768,123-86-4,COMPOUND
769,2277-19-2,COMPOUND
770,1193-11-9,COMPOUND
771,69-72-7,COMPOUND
772,590-86-3,COMPOUND
773,109-15-9,COMPOUND
774,110-39-4,COMPOUND
775,105-86-2,COMPOUND
776,625-80-9,COMPOUND
777,87-20-7,COMPOUND
778,106-73-0,COMPOUND
779,17587-33-6,COMPOUND
780,57500-00-2,COMPOUND
781,14059-92-8,COMPOUND
782,2294-76-0,COMPOUND
783,5355-63-5,COMPOUND
784,105-87-3,COMPOUND
785,94-47-3,COMPOUND
786,616-25-1,COMPOUND
787,539-90-2,COMPOUND
788,123-25-1,COMPOUND
789,7786-47-2,COMPOUND
790,122-69-0,COMPOUND
791,89-80-5,COMPOUND
792,106-36-5,COMPOUND
793,99-83-2,COMPOUND
794,689-67-8,COMPOUND
795,103-95-7,COMPOUND
796,4906-24-5,COMPOUND
797,499-12-7,COMPOUND
798,111-27-3,COMPOUND
799,579-07-7,COMPOUND
800,109-94-4,COMPOUND
801,126-96-5,COMPOUND
802,42348-12-9,COMPOUND
803,141-16-2,COMPOUND
804,111-82-0,COMPOUND
805,102-13-6,COMPOUND
806,78-83-1,COMPOUND
807,5421-17-0,COMPOUND
808,29926-41-8,COMPOUND
809,105-79-3,COMPOUND
810,1401-55-4,COMPOUND
811,544-63-8,COMPOUND
812,4501-58-0,COMPOUND
813,698-76-0,COMPOUND
814,623-15-4,COMPOUND
815,102-19-2,COMPOUND
816,85392-04-7,COMPOUND
817,4643-27-0,COMPOUND
818,3188-00-9,COMPOUND
819,540-63-6,COMPOUND
820,51755-66-9,COMPOUND
821,106-27-4,COMPOUND
822,90-02-8,COMPOUND
823,56-86-0,COMPOUND
824,496-77-5,COMPOUND
825,710-04-3,COMPOUND
826,53398-85-9,COMPOUND
827,497-03-0,COMPOUND
828,56-40-6,COMPOUND
829,617-50-5,COMPOUND
830,57576-09-7,COMPOUND
831,699-10-5,COMPOUND
832,110-17-8,COMPOUND
833,7779-81-9,COMPOUND
834,7416-35-5,COMPOUND
835,140-88-5,COMPOUND
836,7786-61-0,COMPOUND
837,124-04-9,COMPOUND
838,13552-96-0,COMPOUND
839,94-30-4,COMPOUND
840,88-69-7,COMPOUND
841,32736-91-7,COMPOUND
842,491-07-6,COMPOUND
843,13481-87-3,COMPOUND
844,103-61-7,COMPOUND
845,3008-43-3,COMPOUND
846,31499-72-6,COMPOUND
847,119-36-8,COMPOUND
848,1073-11-6,COMPOUND
849,2179-60-4,COMPOUND
850,290-37-9,COMPOUND
851,1073-29-6,COMPOUND
852,7779-70-6,COMPOUND
853,64-04-0,COMPOUND
854,105-53-3,COMPOUND
855,13019-20-0,COMPOUND
856,112-23-2,COMPOUND
857,103-37-7,COMPOUND
858,21834-92-4,COMPOUND
859,1878-18-8,COMPOUND
860,2305-25-1,COMPOUND
861,118-71-8,COMPOUND
862,5870-93-9,COMPOUND
863,38462-22-5,COMPOUND
864,977161-98-0,COMPOUND
865,105-66-8,COMPOUND
866,644-49-5,COMPOUND
867,101-41-7,COMPOUND
868,142-19-8,COMPOUND
869,977136-80-3,COMPOUND
870,113486-29-6,COMPOUND
871,23747-48-0,COMPOUND
872,21063-71-8,COMPOUND
873,623-70-1,COMPOUND
874,42436-07-7,COMPOUND
875,925-78-0,COMPOUND
876,97-67-6,COMPOUND
877,105-57-7,COMPOUND
878,692-86-4,COMPOUND
879,628-97-7,COMPOUND
880,104-67-6,COMPOUND
881,7785-33-7,COMPOUND
882,43039-98-1,COMPOUND
883,21944-98-9,COMPOUND
884,619-01-2,COMPOUND
885,93-51-6,COMPOUND
886,1197-01-9,COMPOUND
887,104-53-0,COMPOUND
888,2445-76-3,COMPOUND
889,6812-78-8,COMPOUND
890,14667-55-1,COMPOUND
891,75640-26-5,COMPOUND
892,91052-72-1,COMPOUND
893,600-14-6,COMPOUND
894,93-16-3,COMPOUND
895,534-15-6,COMPOUND
896,1125-21-9,COMPOUND
897,81925-81-7,COMPOUND
898,6485-40-1,COMPOUND
899,3407-39-7,COMPOUND
900,590-00-1,COMPOUND
901,42474-44-2,COMPOUND
902,2463-53-8,COMPOUND
903,67860-38-2,COMPOUND
904,288-47-1,COMPOUND
905,03/01/50,COMPOUND
906,76-49-3,COMPOUND
907,93-53-8,COMPOUND
908,122-72-5,COMPOUND
909,110-43-0,COMPOUND
910,111-62-6,COMPOUND
911,1122-62-9,COMPOUND
912,120-72-9,COMPOUND
913,107-92-6,COMPOUND
914,123-75-1,COMPOUND
915,59-51-8,COMPOUND
916,23787-80-6,COMPOUND
917,13678-60-9,COMPOUND
918,108-87-9,COMPOUND
919,97-87-0,COMPOUND
920,2628-17-3,COMPOUND
921,5392-40-5,COMPOUND
922,104-76-7,COMPOUND
923,2756-56-1,COMPOUND
924,7492-41-3,COMPOUND
925,3142-66-3,COMPOUND
926,108-50-9,COMPOUND
927,83-34-1,COMPOUND
928,26643-91-4,COMPOUND
929,78-59-1,COMPOUND
930,125-12-2,COMPOUND
931,06/10/42,COMPOUND
932,66576-71-4,COMPOUND
933,65505-17-1,COMPOUND
934,1504-74-1,COMPOUND
935,34300-94-2,COMPOUND
936,6938-45-0,COMPOUND
937,623-17-6,COMPOUND
938,15111-96-3,COMPOUND
939,56-81-5,COMPOUND
940,32974-92-8,COMPOUND
941,928-80-3,COMPOUND
942,13494-07-0,COMPOUND
943,30086-02-3,COMPOUND
944,13002-09-0,COMPOUND
945,43052-87-5,COMPOUND
946,16356-11-9,COMPOUND
947,556-82-1,COMPOUND
948,13925-03-6,COMPOUND
949,103-38-8,COMPOUND
950,106-02-5,COMPOUND
951,4602-84-0,COMPOUND
952,20125-84-2,COMPOUND
953,1727-68-0,COMPOUND
954,106-24-1,COMPOUND
955,623-19-8,COMPOUND
956,103-54-8,COMPOUND
957,111-11-5,COMPOUND
958,123-72-8,COMPOUND
959,6290-37-5,COMPOUND
960,24295-03-2,COMPOUND
961,585-25-1,COMPOUND
962,137-00-8,COMPOUND
963,119-61-9,COMPOUND
964,104-93-8,COMPOUND
965,120-57-0,COMPOUND
966,89-65-6,COMPOUND
967,109-20-6,COMPOUND
968,38713-41-6,COMPOUND
969,589-82-2,COMPOUND
970,20675-95-0,COMPOUND
971,106-70-7,COMPOUND
972,1669-44-9,COMPOUND
973,2497-18-9,COMPOUND
974,75-07-0,COMPOUND
975,638-25-5,COMPOUND
976,2179-57-9,COMPOUND
977,126-64-7,COMPOUND
978,106-68-3,COMPOUND
979,29606-79-9,COMPOUND
980,6032-29-7,COMPOUND
981,4643-25-8,COMPOUND
982,57124-87-5,COMPOUND
983,24168-70-5,COMPOUND
984,624-92-0,COMPOUND
985,100-42-5,COMPOUND
986,140-26-1,COMPOUND
987,122-57-6,COMPOUND
988,108-64-5,COMPOUND
989,17916-91-5,COMPOUND
990,620-02-0,COMPOUND
991,109-21-7,COMPOUND
992,2084-19-7,COMPOUND
993,122-43-0,COMPOUND
994,36431-72-8,COMPOUND
995,431-03-8,COMPOUND
996,26489-01-0,COMPOUND
997,2345-28-0,COMPOUND
998,.,COMPOUND
999,123-68-2,COMPOUND
1000,98-02-2,COMPOUND
1001,109-60-4,COMPOUND
1002,28664-35-9,COMPOUND
1003,9036-66-2,COMPOUND
1004,123-38-6,COMPOUND
1005,33467-73-1,COMPOUND
1006,93-54-9,COMPOUND
1007,3913-71-1,COMPOUND
1008,.,COMPOUND
1009,106-21-8,COMPOUND
1010,1901-38-8,COMPOUND
1011,499-75-2,COMPOUND
1012,99-87-6,COMPOUND
1013,110-62-3,COMPOUND
1014,626-38-0,COMPOUND
1015,106-25-2,COMPOUND
1016,939-48-0,COMPOUND
1017,10032-02-7,COMPOUND
1018,112-37-8,COMPOUND
1019,64275-73-6,COMPOUND
1020,.,COMPOUND
1021,226-24-1,COMPOUND
1022,104-55-2,COMPOUND
1023,623-36-9,COMPOUND
1024,16409-43-1,COMPOUND
1025,63-91-2,COMPOUND
1026,50-70-4,COMPOUND
1027,120-92-3,COMPOUND
1028,107-35-7,COMPOUND
1029,103-36-6,COMPOUND
1030,79-20-9,COMPOUND
1031,4219-24-3,COMPOUND
1032,87-91-2,COMPOUND
1033,78-93-3,COMPOUND
1034,705-73-7,COMPOUND
1035,2179-58-0,COMPOUND
1036,539-82-2,COMPOUND
1037,67452-27-1,COMPOUND
1038,108-98-5,COMPOUND
1039,6066-49-5,COMPOUND
1040,60-12-8,COMPOUND
1041,141-97-9,COMPOUND
1042,74-79-3,COMPOUND
1043,25773-40-4,COMPOUND
1044,13679-86-2,COMPOUND
1045,111-71-7,COMPOUND
1046,513-86-0,COMPOUND
1047,583-60-8,COMPOUND
1048,1195-32-0,COMPOUND
1049,67-63-0,COMPOUND
1050,977043-66-5,COMPOUND
1051,10519-33-2,COMPOUND
1052,78-35-3,COMPOUND
1053,37674-63-8,COMPOUND
1054,2463-63-0,COMPOUND
1055,2345-24-6,COMPOUND
1056,107-75-5,COMPOUND
1057,7452-79-1,COMPOUND
1058,5457-70-5,COMPOUND
1059,2307-10-0,COMPOUND
1060,124-06-1,COMPOUND
1061,868-57-5,COMPOUND
1062,7664-38-2,COMPOUND
1063,63986-03-8,COMPOUND
1064,108-95-2,COMPOUND
1065,2568-25-4,COMPOUND
1066,5454-28-4,COMPOUND
1067,470-67-7,COMPOUND
1068,54653-25-7,COMPOUND
1069,515-00-4,COMPOUND
1070,100-52-7,COMPOUND
1071,36701-01-6,COMPOUND
1072,1534-08-3,COMPOUND
1073,626-77-7,COMPOUND
1074,108-83-8,COMPOUND
1075,103-48-0,COMPOUND
1076,6380-23-0,COMPOUND
1077,816-66-0,COMPOUND
1078,502-47-6,COMPOUND
1079,2758-18-1,COMPOUND
1080,774-64-1,COMPOUND
1081,4208-49-5,COMPOUND
1082,143-08-8,COMPOUND
1083,2432-77-1,COMPOUND
1084,122-40-7,COMPOUND
1085,100-53-8,COMPOUND
1086,8028-47-5,COMPOUND
1087,617-35-6,COMPOUND
1088,564-94-3,COMPOUND
1089,122-97-4,COMPOUND
1090,1211-29-6,COMPOUND
1091,93-89-0,COMPOUND
1092,99-85-4,COMPOUND
1093,34495-71-1,COMPOUND
1094,590-01-2,COMPOUND
1095,105-91-9,COMPOUND
1096,5616-51-3,COMPOUND
1097,39212-23-2,COMPOUND
1098,27538-10-9,COMPOUND
1099,5328-37-0,COMPOUND
1100,25152-85-6,COMPOUND
1101,6789-88-4,COMPOUND
1102,543-49-7,COMPOUND
1103,16491-54-6,COMPOUND
1104,90-05-1,COMPOUND
1105,35234-22-1,COMPOUND
1106,2396-84-1,COMPOUND